id,target
Qt1fGUB0Vz.jpeg,0.25542682
j4Rhioq7R3.jpeg,0.2595271
rD0hgFHJUZ.jpeg,0.40300736
aY5z1EJsJ6.jpeg,0.394908
qZ3IoxD2TE.jpeg,0.38039494
BOFtxEERkV.jpeg,0.16078013
9hqOXpYGbK.jpeg,0.4066287
BhA8T8Ij32.jpeg,0.25951582
rXexUH9dCM.jpeg,0.30577207
RdYDVBxwvq.jpeg,0.36185586
8iV3hx6XAj.jpeg,0.4205247
aleXj7h7JP.jpeg,0.37766433
RVoqYx4fJQ.jpeg,0.36905232
hHjoWRshoP.jpeg,0.29538837
yt9GwWtzr8,0.40854976
IHSw9S145d.jpeg,0.35775578
6TDyS6kEN5,0.35034072
SnqrAkeuoR.jpeg,0.41154397
qMYFA0362c.jpeg,0.42317504
qu9Fy9JSTI.jpeg,0.43376154
C6F1TgBtUF.jpeg,0.3314171
1WXHpfzzMR,0.36367986
K4Up1TZUzr.jpeg,0.22895122
I4zUha5aN2,0.37930143
9RcLqe8IL0,0.43017784
owbU2PLVvj.jpeg,0.39853206
BbnCzR9WmU.jpeg,0.41546524
9hEvvkphC0.jpeg,0.36026275
wCtgGW3hJY.jpeg,0.40835515
BI4OMtn1TV.jpeg,0.12945002
veiMOrSUGs.jpeg,0.34293255
0SSwUAl04C,0.44228962
ttYqSuIDlX.jpeg,0.45403177
uyQOYoZvoi.jpeg,0.44367707
c4RM6zDGCT.jpeg,0.42919955
a9WGXGKAs7.jpeg,0.36324918
Be4yYleKvl.jpeg,0.39906898
VUlSUkWiyP.jpeg,0.38914806
qfPjoawQQt.jpeg,0.34826005
bjOtIg7PxW.jpeg,0.40474355
bKtwCN3OsO.jpeg,0.4402372
09Egy0VfTa.jpeg,0.24402727
tWGnZufeV2,0.32302475
9KNsL3qq01.jpeg,0.42375517
2ElVVjcp4a,0.22068517
ieoJ3UoPFc.jpeg,0.39922607
A2knaMz6Gf.jpeg,0.44200325
JcPcU6LY2b.jpeg,0.29502398
b4bfgPwia6.jpeg,0.3102763
PxvUp9NTCm.jpeg,0.3216548
0666kmCAAC.jpeg,0.45347837
EHC1kBFCRk.jpeg,0.41999573
JBKIyiD2z0.jpeg,0.40183908
8Pg60O6jIi.jpeg,0.4276597
AS88fqPK2c.jpeg,0.31830788
oGECKjTj5S,0.21583831
570E66nY4r.jpeg,0.42530254
S5RZQ9BWeH.jpeg,0.42189032
zffkE0f037.jpeg,0.42663404
PdThxA9eWO.jpeg,0.43918929
fiZ8U0vJvW.jpeg,0.3381217
aBkArc3xSO.jpeg,0.29889017
9kDKmUw0QF.jpeg,0.38555488
K4873kXvtH.jpeg,0.298266
W0ElnH5ug1.jpeg,0.4486623
n4UUdJMSOB.jpeg,0.34703356
irXtIZPnTX.jpeg,0.44427395
rWsZ81s18t.jpeg,0.20407443
IElc1dGMVB.jpeg,0.3205937
aTSivuPmqy.jpeg,0.3849992
s55Ui6sheX.jpeg,0.43161395
rpAbckBrV4.jpeg,0.13103083
IszVFL8fES.jpeg,0.3960375
azT1BfFdeX.jpeg,0.44561046
8Jpd9SLbqd.jpeg,0.23382421
D1o0PBS4ox,0.20120421
bmsOUDEAeF.jpeg,0.40678456
82nuz7VlCN.jpeg,0.32949027
bhfiAm6e1y.jpeg,0.21804221
91Ds3oaoqd,0.43380117
J9FQcKddQs.jpeg,0.36961937
hLwkySARL1.jpeg,0.3473949
iVZUU083gm.jpeg,0.43771687
itCfCmFiX5.jpeg,0.35694674
74w54BCnc6.jpeg,0.3709016
runm54HtOv.jpeg,0.3410877
9bcxdKukar.jpeg,0.33622095
IVchzEEiNL.jpeg,0.3315869
VECsvGAENO.jpeg,0.41501293
R1hy2mf67S.jpeg,0.43019024
QQaDYoaFUi.jpeg,0.40338305
BrMnOYrGd4.jpeg,0.3828581
9rQKqH9Df3.jpeg,0.4117141
qf31p5XrLJ.jpeg,0.412208
qumCTbQKc5.jpeg,0.41216314
RLgvAq0dV6,0.22041628
cmHN8qXUKm.jpeg,0.29423186
cWcWKtlJFu.jpeg,0.30949596
gG86EJUTDR,0.31470737
OY3eYcMkVd,0.44558543
J9X8bPMCqb.jpeg,0.19653048
b3pdu9OBcM.jpeg,0.40781513
IUW5tpB0W9.jpeg,0.41957903
9QZY5ktNH8.jpeg,0.33662233
B2l8RFqPhF.jpeg,0.28731632
rWseV8Bi33.jpeg,0.4296915
Z4cHEBysVe,0.102592975
3klXb0HDvL.jpeg,0.42644244
int3NlNL5f.jpeg,0.43832067
7Y1gMf1Bqf.jpeg,0.3977956
AAYdmD7mRY.jpeg,0.43780318
A77zy0E8zG.jpeg,0.44008303
7YjyLkz1vY.jpeg,0.42410958
Irh8HGAQ4F.jpeg,0.35429525
bcgzZgpeBC.jpeg,0.21613383
AJhvxUoo2W.jpeg,0.4012206
9FHMwlDBz1.jpeg,0.43786582
JFG7pC4WsS.jpeg,0.4422172
JcEPnVZdXG.jpeg,0.44221446
AgYbJwCtzX.jpeg,0.436764
crQtHWgFUr,0.31803885
iCxXfwIZ7O.jpeg,0.40771514
SMp2FGHS5D.jpeg,0.3942215
raiAIeJ9tI.jpeg,0.43010607
somuqUAAiw.jpeg,0.38715604
r9fgusZxpG.jpeg,0.3636612
6SEizYbnpv,0.3694091
FXlrJgugCl.jpeg,0.40951428
lVsKZNKAz8,0.40482727
86jSqrnfva.jpeg,0.43634883
SDvP2w9cVq.jpeg,0.427484
am0fhckwjz.jpeg,0.3927028
OhYbEFGS4h,0.34605637
Ge5CPNb8Zh.jpeg,0.34869835
phBaEIgA3O.jpeg,0.4182061
rQ4lAGgFLr.jpeg,0.46340293
kqNd1OPEkG.jpeg,0.4077576
T1ZGGXHAi1,0.06982629
ikBfnFWbSk.jpeg,0.36084712
SH9lhXCQcc.jpeg,0.38236955
ApPOr23lzd,0.3458319
3799mntej2,0.37134442
E641XNxbo9.jpeg,0.39330688
oQQR8GD9Jo,0.39401355
iaGyKvUvd6.jpeg,0.42534795
sWi8BPaL3Z.jpeg,0.335496
9341qRzJ4A.jpeg,0.1911732
2kQdv7QUTR.jpeg,0.30697957
jxiwyGuGPh.jpeg,0.46132392
hsi5VQCo2d.jpeg,0.3394301
AlzRudTj0X.jpeg,0.41231936
je3wdfauvz.jpeg,0.31120864
wtLU8hoAz4.jpeg,0.30897707
j5VSJ21Wx0.jpeg,0.47142628
IKJzSa0UHc.jpeg,0.33971632
BEeMouBbFb.jpeg,0.37252945
Bu8beEifqu.jpeg,0.33407468
MjSOVP4B8S,0.40624115
9dI7E0YTJE.jpeg,0.43230176
hQ1Jtw7tyJ.jpeg,0.29291147
IKKQy2RDjD.jpeg,0.36391628
p1karGBQ3q.jpeg,0.44037873
paHNCd2c4H.jpeg,0.41101506
pat6BiBBDq.jpeg,0.4629278
BKrMHLaxSj.jpeg,0.37836477
S2IDEM3a2Z.jpeg,0.3357184
JdSMlKmNHE.jpeg,0.3839066
C8T3yloQvy.jpeg,0.286647
9rMGYxyOAA.jpeg,0.37298346
ai5B7LKlx6.jpeg,0.32771695
9T9khG03pR.jpeg,0.4091831
2NgC4tf6eo,0.42181087
FXmcq8mZeg.jpeg,0.31955656
BAj8dy1wUJ.jpeg,0.40814954
TVJ4V2xpWX,0.4329716
bdBspZysQP.jpeg,0.23632687
3tHQHDhMT7,0.3267808
YepW3siOzg,0.2509324
ZXNUZqQabf.jpeg,0.3642785
yuqHi9Efpr,0.36273155
I9w3ySXx05.jpeg,0.2285821
82kaPlcfzL.jpeg,0.4284268
ATbsubzP6f.jpeg,0.46492627
JUnfJDRUpD.jpeg,0.36110172
77oTuLYXqv.jpeg,0.39172858
HTY0RYMVxz.jpeg,0.3728748
9cRk7BkfJz.jpeg,0.42836252
MZ2twPZR23.jpeg,0.41331768
i4bJsEjJqg.jpeg,0.38858894
9K1GjYS1qh.jpeg,0.41946405
idymabKBqw.jpeg,0.4394538
SDyptag05n.jpeg,0.22526686
M4RvUOKIgh,0.41863737
aLexotfuq7.jpeg,0.44683182
qbUFeIpFz1.jpeg,0.34713116
9AHnBH6vgj.jpeg,0.353714
OVv4JytFCF.jpeg,0.39156172
iCLFMrFzx5.jpeg,0.28391066
PLRgcLVfz2.jpeg,0.33645108
uHdqGUqmpy,0.36069024
Hm3lGxGKf7.jpeg,0.32649076
iLx5LgVAmV.jpeg,0.40301576
rMmaLNhmil.jpeg,0.35330597
BOdu5YfzLK.jpeg,0.44916916
c4955Eb5HC.jpeg,0.38188478
kUMXlVYVJf.jpeg,0.4446744
dXDwmTFO5A.jpeg,0.35084033
5zgwAc5vfr,0.39792594
PCuD0fYTzL.jpeg,0.38109764
zD4n97vJAR,0.4126109
qoYeyfvBqt.jpeg,0.3784685
ZDksdaao66,0.35916987
Brvm2iKZJL.jpeg,0.3554292
ab62U0IAV5,0.29079747
8wBHB2TVx4.jpeg,0.4140339
rzvSl1E7Ah.jpeg,0.28813863
paJnWARii3,0.35593387
ds00icXk4Y.jpeg,0.4204299
8Pkbrtd8RL.jpeg,0.4630109
ryJ6mWBI1x.jpeg,0.40844867
zYKWQZdgyq.jpeg,0.35074234
qf7BQJygqc.jpeg,0.3653238
IiEdwB65YF.jpeg,0.3495676
sCrhcP5vt9.jpeg,0.3524853
8YHODZEtR2.jpeg,0.43045104
qsp32Jrp4e,0.40987968
qy4jI4P3ab.jpeg,0.40348867
c7u8iWbWjB.jpeg,0.3155873
57IlE1lzYI.jpeg,0.18435948
b7WcdEakJm,0.22439907
SnrcMd5d0M.jpeg,0.36296657
JFYTRHDl1C.jpeg,0.34733027
HTdHSTewXP.jpeg,0.24610706
dKztxnzSe8.jpeg,0.33569953
12BdpI6YhU.jpeg,0.39357883
tp2hAfmf8T,0.40526494
Lwzmy6qhJb.jpeg,0.4270013
JAAbX2Wnps,0.42082796
ANxX0I2VBc,0.35602322
ATcdG4qzHF.jpeg,0.4494718
bUBa6ZcQqo.jpeg,0.18918385
38S6kcmOx0.jpeg,0.37195683
q5HFUrnjmT.jpeg,0.44365415
bqbG35uw44.jpeg,0.4031106
jPPeBYfvo1.jpeg,0.3351099
RV7Sclmyfx.jpeg,0.3776046
AXYaDpBBKW,0.08731469
gHcH6nuIiO.jpeg,0.4220513
ainT6QMK7Q.jpeg,0.30172607
RtEckZHQVa.jpeg,0.39196423
Zy1bvzggtM.jpeg,0.31531262
bdjaqqw3K5.jpeg,0.23200138
b7bErXZ8L3,0.43203422
jVPNzHH0Mi.jpeg,0.37641498
jMGSpCHJdi.jpeg,0.4284733
cBtoC3jcIb.jpeg,0.40487376
KB3LdgxaKa.jpeg,0.4146443
725wI9d34f,0.3341109
K8P3Gl55QT.jpeg,0.4425615
pF6BFZO5Fw.jpeg,0.31176043
10XHHeBMkG.jpeg,0.3394016
WaJ9lEydpP.jpeg,0.35051787
OZdL3rtZ5h.jpeg,0.31275937
oVFKVMRAAF.jpeg,0.34351736
QCOhbM1OuD.jpeg,0.23291588
qo95zUhnvX.jpeg,0.36037403
hFSPzV3WgY,0.43645832
RLcazako6j.jpeg,0.43163887
a2N0EER3Ah.jpeg,0.3703214
vgAEXMl567,0.2165622
tgbESJpo8D.jpeg,0.4636132
66ZTFIsZeg.png,0.43348187
r6mW4i9Ycg.jpeg,0.4186276
IimV4wxGpV.jpeg,0.34702837
av9Esikhoz.jpeg,0.3652278
AuLc2S4ZaQ.jpeg,0.37738648
S9za92BJGN.jpeg,0.2913494
HK4MIOefRQ.jpeg,0.2538897
s1TNQxX50Z.jpeg,0.38439938
fObpfVEayO.jpeg,0.40059057
edjC1MfSN3,0.38555372
aBjkLjcOgo.jpeg,0.41407102
SCWkXc3uv5.jpeg,0.4606711
QpkyRvBHst.jpeg,0.4575299
hMiDxXDhle.jpeg,0.45072505
AKTQCtaWi4,0.22480981
HGqWwsGZG7.jpeg,0.44507748
11ynarQSJR.jpeg,0.40099925
BliPI1bD2E.jpeg,0.43270913
Im1rjXvPFd.jpeg,0.40430468
iwyEsa6cQX.jpeg,0.3191625
ADTR05dx8q.jpeg,0.43697184
pDB2S06L2V.jpeg,0.42616653
AqMYrMn0dV.jpeg,0.43564928
s1BvnspFVf.jpeg,0.4348126
Re3PoOMCoB.jpeg,0.4008324
Qn6h9PKkcK.jpeg,0.46833012
XLEN3yCk0m.jpeg,0.47644514
Ri2xtTtCl0.jpeg,0.42695883
MPWomZFqNl.jpeg,0.44985843
v0Wq0lK3JM.jpeg,0.3443895
fTjaitgAJa.jpeg,0.17755102
634ZsaNjNZ.jpeg,0.3321261
SDh7uBHBv9.jpeg,0.3980255
akmJAIlkml.jpeg,0.19074827
9Yp2aU54hi.jpeg,0.37206814
7UkQ9eS1z3.jpeg,0.2715986
inKBz1uX43.jpeg,0.43760365
9kC092bhee.jpeg,0.293913
527qjeZfRT.jpeg,0.3697507
aswigVM1HQ.jpeg,0.38768843
12jVWDxzIa.jpeg,0.25894058
hLe26j2sFh.jpeg,0.43893015
05q5J7VWr4,0.38671315
p5U6ftXabf.jpeg,0.31442893
csTNsH0hXt.jpeg,0.20103934
ATUUevo9CW.jpeg,0.44570002
jMYaoHgFM1.jpeg,0.2682358
Z2MsRSxX8V,0.4670057
4kesnMUTLU,0.3034487
ztBFsCnl0i.jpeg,0.3581307
alXpxrAqLw.jpeg,0.27633783
QjSAjqK0JF.jpeg,0.28189737
alihjnrW4B,0.37362453
Tx0WnQyjUs,0.4413239
2RpYfQMRV6,0.22622555
QQWVXtc402.jpeg,0.307905
AgUBOSvFTu,0.4487062
c48kSfkm6c.jpeg,0.41032514
qyi0KvhE5r.jpeg,0.3872237
62WUXG7gHH.jpeg,0.33057702
Q3xpiqZmQH.jpeg,0.42757627
ClFkUNVmMh.jpeg,0.4357911
11kFDwoijA.jpeg,0.41485393
oyswvMnoky,0.43847683
zywTjOni8G,0.4119061
ygAWRR1vHT.jpeg,0.43658274
pDyrrQvWmY.jpeg,0.44213948
aOaWfNcTiu.jpeg,0.40781632
OGqHhnysB6,0.41447333
8tkPHGRtT8.jpeg,0.382798
QnOYaKHUC1.jpeg,0.38182017
kDdv5KlnyB.jpeg,0.18237895
78suVpzL5Y.jpeg,0.32447183
FPEBbBPzss.jpeg,0.40705445
RF3Yg9rReY.jpeg,0.3703911
HiDXQdfmne.jpeg,0.17866619
QaNgQthOAR.jpeg,0.39773732
IZqYo37Cgn.jpeg,0.31259102
Ox7910IVKj.jpeg,0.40169916
hinoiFzIn0.jpeg,0.28963986
M24CLYh0kB.jpeg,0.44015038
slovLcOAFi.jpeg,0.2748846
QC7kQJVWFN.jpeg,0.18788134
jwUhWvlrft.jpeg,0.40779117
mTCIFgXFau.jpeg,0.30798414
b3pWNgXSBm.jpeg,0.41520825
JrwBVuoaAl.jpeg,0.46494007
ARLEk82e3O.jpeg,0.46560523
iaHjqTfeOx.jpeg,0.44917682
1fTEAJtDVV,0.36642167
DKTCw4QlTQ.jpeg,0.40992713
PeF309IEwx.jpeg,0.3962668
Swl9JuME45.jpeg,0.32272217
fPowDyaVsI.webp,0.2806435
zYGRpPCsTX.jpeg,0.2915161
8zuvwIJvKt.jpeg,0.46645096
r6EexRbni0.jpeg,0.31221315
BTS0QVcex2.jpeg,0.33639014
Blh5w8QUqd.jpeg,0.41624367
my3g77ipYu.jpeg,0.3070795
63NHt5fUHg.jpeg,0.43436366
HxlSm6myVp.jpeg,0.35410628
HmlE9CeaPQ.jpeg,0.3937648
20kFo0P1BQ,0.40275353
Rd69o4ssKn,0.4114158
0xNJxKoGJl,0.36194932
RbtNqJYsKp.jpeg,0.4391217
Kd24ZC8sx0.jpeg,0.3865333
6qhEglJCAe,0.4318611
320dtg2GLo.jpeg,0.3564595
p6codywAKt.jpeg,0.45321995
RHcLEwNMM6.jpeg,0.4425978
JGJrDoO1vV.jpeg,0.18957187
CmJVlrwbrK.jpeg,0.4381839
4JpqZjF2xb.jpeg,0.29874277
JiOLnPdtqs.jpeg,0.39608514
C3vFHT3dJX.jpeg,0.39177263
7vSkv2ws1e.jpeg,0.4180067
ClXCmmYMS0.jpeg,0.35915464
KIGQgccFax.jpeg,0.39581656
k6mrmtm0W6.jpeg,0.3175158
hwVr6c9EeW.jpeg,0.35682943
9XR16A0mRX.jpeg,0.43792674
R4bsfTUi4a,0.4032742
SfMGtj96TV.jpeg,0.45479664
ILvSkfykNW.jpeg,0.3459251
jx0e5Brhg4.jpeg,0.28944638
3S9QRP9lrW,0.36762604
hjrsJjaw2X.jpeg,0.37930316
8PypsUEJh2.jpeg,0.25070035
RHu4DBQbmP.jpeg,0.45186514
hLsK7eZx6y.jpeg,0.37704
mUBXso6Wy3.jpeg,0.32100034
iLfMMbTFhI.jpeg,0.35214475
5ub2eoY4gg,0.3637537
Jm1bwQmyh7.jpeg,0.30350503
yE4nT85ZOC.jpeg,0.3583497
bhkzl42F3N.jpeg,0.41173905
JnNuYVUXmR.jpeg,0.31966224
r1hgjBm8Lg,0.30509895
dU0Gax8yTS.jpeg,0.36366722
3pMc2cHBCF,0.359639
Q5bVZpuyMU.jpeg,0.4174789
k9vN4PTMEP.jpeg,0.37183562
zF1WvzT4eI.jpeg,0.32730237
0HBgVT0VvK,0.4010984
GY1enBhVsI,0.3102805
9ryYrC6eGj.jpeg,0.44548243
QhS0oEgYbs.jpeg,0.44434452
Qj7yxKzkLl.jpeg,0.3523209
RxzQurNvcC.jpeg,0.41970164
qEhP2lSqSi.jpeg,0.31295624
jV0E6SZMRM.jpeg,0.44708282
cLU5edSTRU.jpeg,0.29468057
iGsBpsOaog.jpeg,0.4566788
QUISUhn6zi,0.4135686
LxWQuoeNH5.jpeg,0.44344935
HncXc1mNlp.jpeg,0.43665287
10Slzb9e4j,0.40225363
rH9DrveZ5I.jpeg,0.45321175
z6r1XKXtp9,0.40392697
55lnIJx3Zk.jpeg,0.3886124
9G5hsaq7xp.jpeg,0.40866795
aJ0VSzX2A7,0.44279066
acS4O0bYkZ.jpeg,0.37382826
0kX8W174U6,0.36477554
sgQvpUG9d7.jpeg,0.4258305
2LcsWzKuIZ.jpeg,0.3981789
pDQKpV3lsI.jpeg,0.3760821
fZK9zAbwaf.jpeg,0.3939668
9UdFUds6Fe.jpeg,0.2948323
mpYWoGTsxX.jpeg,0.41367108
Q0W9EXQsAB.jpeg,0.4226789
oSNqvC10nf.jpeg,0.4459472
oMi7JMqIAo.jpeg,0.39426118
vvBXYOFZXJ,0.34236735
QyT91QV9db.jpeg,0.28988025
AFmRTYidLu.jpeg,0.4404172
IOrgbz0eFO.jpeg,0.42375177
8vLp4DfOwZ.jpeg,0.33097342
kVr0ioSRXI,0.3757038
I3szcAk71U.jpeg,0.4174532
qf8m3BpZ1D.jpeg,0.31843683
HsyatThw2Y.jpeg,0.31147233
P1B0b8CIF5.jpeg,0.3924803
rjrvTPJU3I.jpeg,0.37867212
k0n8ADLeaf.jpeg,0.4355712
0R1JRbHS33.jpeg,0.35418358
8SbfEKcYZL.jpeg,0.43731835
j5UB3aadV5.jpeg,0.34817705
8hDLOsyy0A.jpeg,0.36506292
zff4lT6JFx.jpeg,0.31122905
peGweiJb06.jpeg,0.2714916
hUnXgo2dLh.jpeg,0.3997131
1QLriRRVHa.jpeg,0.19702886
r0aVK1ABv9.jpeg,0.33574075
Kd3kcuZb8r.jpeg,0.3787876
BPvM33iYku.jpeg,0.4213217
hj9GKe87WJ.jpeg,0.41930798
LXV7ZxkS4P.jpeg,0.41188455
j5DzhXZxrM.jpeg,0.34309688
IUENvk2AnW.jpeg,0.3837265
66ImTvLigX,0.45705873
Q3wFByECeN.jpeg,0.41723624
JPSmOZOi5p.jpeg,0.39745846
i9p0YOdPeN.jpeg,0.38237637
b9CdNURYTU.jpeg,0.43802047
6PSRCa1kQf.jpeg,0.34559456
3CvCoUyi46.jpeg,0.43383688
raASHjhyzs.jpeg,0.4135596
ufRMShYCAN,0.3985925
uqJzRnUDUR.jpeg,0.39402843
ZZdypQnzdW.jpeg,0.44931993
eYjjwfVtVX,0.37738326
7qpbhhkzQW.jpeg,0.25507966
9G5182hQ9P.jpeg,0.4484775
r8V5jWWDvk.jpeg,0.4605705
C7rJv18MLh,0.4461561
bqodLX6Y71.jpeg,0.41281193
j3ujTADBT9.jpeg,0.42925733
pjyqkJ0x4X.jpeg,0.39740056
iPBwz3OUuK.jpeg,0.3680666
k5A9ToNBnT.jpeg,0.42390037
S9QIVfiqa6.jpeg,0.42339152
8vt6B4GpXL.jpeg,0.36891636
YL2iLPQAgZ,0.45750633
bFowMZqnZD.jpeg,0.4294624
ieCXBPlp5Z.jpeg,0.44076174
ZJu8wbxVYr.jpeg,0.42666507
JdBunFjo7U.jpeg,0.39877367
Qrme6EUmL1,0.41450804
4369Dl8wfs.jpeg,0.44469917
BrNEvRNpPu.jpeg,0.37078655
DuwXCNmeMx.webp,0.4639059
Zx8GAhtKvo.jpeg,0.41675496
